Workbook

Sheet Raw Data
A1: PORT CODE | B1: DATE | C1: IEC | D1: HS CODE | E1: GOODS DESCRIPTION | F1: Master category | G1: Model Name | H1: Model Number | I1: Capacity | J1: Qty | K1: Unit of measure | L1: Price | M1: Unit of measure | N1: QUANTITY | O1: UNIT | P1: UNIT PRICE_INR | Q1: TOTAL VALUE_INR | R1: UNIT PRICE_USD | S1: TOTAL VALUE_USD | T1: DUTY PAID_INR
A2: INNSA1 | B2: 45958 | C2: 301049751 | D2: 73239990 | E2: TH5170 STEEL CUTLERY HOLDER (QTY:600 PCS/USD 2.03 PER PCS) TH5170 STEEL CUTLERY HOLDER (QTY:600 PCS/USD 2.03 PER PCS) | N2: 290 | O2: KGS | P2: 401.72531 | Q2: 116500.34 | R2: 4.5290339 | S2: 1313.4198 | T2: 32736.6
A3: INNSA1 | B3: 45958 | C3: 301049751 | D3: 73231000 | E3: 8001-2 STEEL SCRUBBER 2PCS SET (QTY: 336000 SETS/USD 0.139 PER SETS)8001-2 STEEL SCRUBBER 2PCS SET (QTY: 336000 SETS/USD 0.139 P | N3: 9800 | O3: KGS | P3: 440.60222 | Q3: 4317901.7 | R3: 4.9673305 | S3: 48679.839 | T3: 1898149.5
A4: INNSA1 | B4: 45953 | C4: 301049751 | D4: 73239990 | E4: MILD STEEL MULTI FUNCTION CLOTH STAND (RYX-02-020) (QTY: 1,232 PCS/CNY:101 PER PCS)MILD STEEL MULTI FUNCTION CLOTH STAND (RYX-02-020) (QTY: 1,2 | N4: 4004 | O4: KGS | P4: 408.89366 | Q4: 1637210.2 | R4: 4.6098496 | S4: 18457.838 | T4: 460056
A5: INNSA1 | B5: 45943 | C5: 301049751 | D5: 73239990 | E5: SB-12 STEEL TEA STRAINER BIG (QTY 6336 PCS/USD 0.973 PER PCS)SB-12 STEEL TEA STRAINER BIG (QTY 6336 PCS/USD 0.973 PER PCS | N5: 1548.8 | O5: KGS | P5: 378.45784 | Q5: 586155.51 | R5: 4.219151 | S5: 6534.6211 | T5: 164709.7
A6: INNSA1 | B6: 45943 | C6: 301049751 | D6: 73239990 | E6: SB-12 STEEL TEA STRAINER BIG (QTY 43038 PCS/USD 0.9718 PER PCS)SB-12 STEEL TEA STRAINER BIG (QTY 43038 PCS/USD 0.9718 PER P | N6: 10042.2 | O6: KGS | P6: 399.73967 | Q6: 4014265.8 | R6: 4.4564066 | S6: 44752.127 | T6: 1128008.7
A7: INNSA1 | B7: 45938 | C7: 301049751 | D7: 73239990 | E7: STEEL HANGER WITH HOOK (SL-89) (QTY:70056 PCS/CNY:7.45 PER PCS)STEEL HANGER WITH HOOK (SL-89) (QTY:70056 PCS/:7.45 | N7: 15568 | O7: KGS | P7: 432.15818 | Q7: 6727838.5 | R7: 4.8178169 | S7: 75003.774 | T7: 1890522.7
A8: INNSA1 | B8: 45936 | C8: 301049751 | D8: 73239990 | E8: STEEL HANGER 10PCS SET (AM-969) (QTY: 480 SET/USD 0.819 PERSET)STEEL HANGER 10PCS SET (AM-969) (QTY: 480 SET/USD 0.819 PER | N8: 380 | O8: KGS | P8: 100.44208 | Q8: 38167.99 | R8: 1.1197556 | S8: 425.50713 | T8: 10725.3
A9: INNSA1 | B9: 45931 | C9: 301049751 | D9: 73239990 | E9: AM-967 STEEL FRUIT BASKET (QTY 400 PCS/USD 1.031 PER PCS) AM-967 STEEL FRUIT BASKET (QTY 400 PCS/USD 1.031 PER PCS) | N9: 460 | O9: KGS | P9: 85.377826 | Q9: 39273.8 | R9: 0.96092095 | S9: 442.02364 | T9: 11036
A10: INNSA1 | B10: 45931 | C10: 301049751 | D10: 73239990 | E10: AM-966 STEEL FRUIT BASKET (QTY 400 PCS/USD 1.017 PER PCS) AM-966 STEEL FRUIT BASKET (QTY 400 PCS/USD 1.017 PER PCS) | N10: 310 | O10: KGS | P10: 124.96932 | Q10: 38740.49 | R10: 1.4065202 | S10: 436.02127 | T10: 10886.1
A11: INNSA1 | B11: 45931 | C11: 301049751 | D11: 73239990 | E11: AM-965 STEEL SPOON & FORK HOLDER (QTY 480 PCS/USD 0.734 PERPCS)AM-965 STEEL SPOON & FORK HOLDER (QTY 480 PCS/USD 0.734 PER | N11: 168 | O11: KGS | P11: 199.71571 | Q11: 33552.24 | R11: 2.2477852 | S11: 377.62791 | T11: 9428.1
A12: INNSA1 | B12: 45931 | C12: 301049751 | D12: 73231000 | E12: 8001-2 STEEL SCRUBBER 2 PCS SET (QTY 336000 SETS/USD 0.139 PER SETS)8001-2 STEEL SCRUBBER 2 PCS SET (QTY 336000 SETS/USD 0.139 P | N12: 9800 | O12: KGS | P12: 456.12539 | Q12: 4470028.8 | R12: 5.1336566 | S12: 50309.835 | T12: 1965024.7
A13: INNSA1 | B13: 45927 | C13: 301049751 | D13: 73231000 | E13: OKS-4156 STEEL SCRUBBER 6PCS SET (QTY: 93360 PCS /USD 0.228PER PCS)OKS-4156 STEEL SCRUBBER 6PCS SET (QTY: 93360 PCS /USD 0.228 | N13: 7496.03 | O13: KGS | P13: 263.57138 | Q13: 1975739 | R13: 2.9664758 | S13: 22236.792 | T13: 868534.9
... A2080: INNSA1 | B2080: 42748 | C2080: 301049751 | D2080: 73239990 | E2080: STAINLESS STEEL SPORTS BOTTLE 750ML S-308-C6-NP-20(TOTAL NET WT.284.83 KGS) | N2080: 1656 | O2080: PCS | P2080: 79.149233 | Q2080: 131071.13 | R2080: 1.1504249 | S2080: 1905.1036 | T2080: 22410.6

Sheet Cleaned Data
A1: PORT CODE | B1: DATE | C1: IEC | D1: HS CODE | E1: GOODS DESCRIPTION | F1: Master category | G1: Model Name | H1: Model Number | I1: Capacity | J1: Qty | K1: Unit of measure | L1: Price | M1: Unit of measure | N1: QUANTITY | O1: UNIT | P1: UNIT PRICE_INR | Q1: TOTAL VALUE_INR | R1: UNIT PRICE_USD | S1: TOTAL VALUE_USD | T1: DUTY PAID_INR | U1: Extracted Model Name | V1: Extracted Qty | W1: Extracted Unit | X1: Extracted Unit Price USD | Y1: Extracted Currency | Z1: Grand Total INR | AA1: Year | AB1: HSN Description | AC1: Main Category | AD1: Sub Category | AE1: With Duty | AF1: Value%
A2: ='Raw Data'!A2 -> INNSA1 | B2: ='Raw Data'!B2 -> 45958 | C2: ='Raw Data'!C2 -> 301049751 | D2: ='Raw Data'!D2 -> 73239990 | E2: ='Raw Data'!E2 -> TH5170 STEEL CUTLERY HOLDER (QTY:600 PCS/USD 2.03 PER PCS) TH5170 STEEL CUTLERY HOLDER (QTY:600 PCS/USD 2.03 PER PCS) | F2: ='Raw Data'!F2 -> 0 | G2: ='Raw Data'!G2 -> 0 | H2: ='Raw Data'!H2 -> 0 | ... T2: ='Raw Data'!T2 -> 32736.6 | U2: =LEFT(E2, FIND("(", E2)-1) -> TH5170 STEEL CUTLERY HOLDER | V2: =IFERROR( VALUE( MID(E2, FIND("QTY",E2)+4, FIND(" ",E2,FIND("QTY",E2)+4) - (FIND("QTY",E2)+4) ) ), "") -> 600 | W2: =TRIM(MID(E2, FIND(" ", E2, FIND("QTY:", E2)+4)+1, FIND("/", E2) - FIND(" ", E2, FIND("QTY:", E2)+4)-1)) -> PCS | X2: =IFERROR( IF(AND(ISNUMBER(FIND("/",E2)), ISNUMBER(FIND("PER",E2))), VALUE(TRIM(SUBSTITUTE(SUBSTITUTE(MID(E2, FIND("/",E2)+1, FIND("PER",E2)-FIND("/",E2)-1), "USD", ""), "CNY:", ""))), IF(ISNUMBER(SEARCH("USD",E2)), VALUE(TRIM(MID(E2, SEARCH("USD",E2)+3, 12))), IF(ISNUMBER(SEARCH("CNY",E2)), VALUE(TRIM(SUBSTITUTE(MID(E2, SEARCH("CNY",E2)+3, 12), ":", ""))), "" ) ) ), "") -> 2.03 | Y2: =IF(ISNUMBER(FIND("USD", E2)), "USD", IF(ISNUMBER(FIND("CNY", E2)), "CNY", "")) -> USD | Z2: =Q2 + T2 -> 149236.94 | AA2: =YEAR(B2) -> 2025 | AB2: =IFERROR(VLOOKUP(D2, 'Lookup Tables'!$A:$B, 2, FALSE), "Unknown") -> Table, kitchen or other household articles of iron or steel | AC2: =IFERROR( IF(ISNUMBER(SEARCH("STEEL", E2)), "Steel Products", IF(ISNUMBER(SEARCH("SCRUBBER", E2)), "Cleaning Items", IF(ISNUMBER(SEARCH("CLOTH", E2)), "Household Items", IF(ISNUMBER(SEARCH("HOLDER", E2)), "Kitchen Items", "Other")))), "Other") -> Steel Products | AD2: =IFERROR( IF(ISNUMBER(SEARCH("SCRUBBER", E2)), "Scrubber", IF(ISNUMBER(SEARCH("CUTLERY", E2)), "Cutlery Holder", IF(ISNUMBER(SEARCH("CLOTH STAND", E2)), "Cloth Stand", IF(ISNUMBER(SEARCH("HOLDER", E2)), "Holder", "Misc")))), "Misc") -> Cutlery Holder | AE2: =T2/N2 -> 112.88483 | AF2: =IFERROR(T2/Q2,0) -> 0.28100004
A3: ='Raw Data'!A3 -> INNSA1 | B3: ='Raw Data'!B3 -> 45958 | C3: ='Raw Data'!C3 -> 301049751 | D3: ='Raw Data'!D3 -> 73231000 | E3: ='Raw Data'!E3 -> 8001-2 STEEL SCRUBBER 2PCS SET (QTY: 336000 SETS/USD 0.139 PER SETS)8001-2 STEEL SCRUBBER 2PCS SET (QTY: 336000 SETS/USD 0.139 P | F3: ='Raw Data'!F3 -> 0 | G3: ='Raw Data'!G3 -> 0 | H3: ='Raw Data'!H3 -> 0 | ... T3: ='Raw Data'!T3 -> 1898149.5 | U3: =LEFT(E3, FIND("(", E3)-1) -> 8001-2 STEEL SCRUBBER 2PCS SET | V3: =IFERROR( VALUE( MID(E3, FIND("QTY",E3)+4, FIND(" ",E3,FIND("QTY",E3)+4) - (FIND("QTY",E3)+4) ) ), "") | W3: =TRIM(MID(E3, FIND(" ", E3, FIND("QTY:", E3)+4)+1, FIND("/", E3) - FIND(" ", E3, FIND("QTY:", E3)+4)-1)) -> 336000 SETS | X3: =IFERROR( IF(AND(ISNUMBER(FIND("/",E3)), ISNUMBER(FIND("PER",E3))), VALUE(TRIM(SUBSTITUTE(SUBSTITUTE(MID(E3, FIND("/",E3)+1, FIND("PER",E3)-FIND("/",E3)-1), "USD", ""), "CNY:", ""))), IF(ISNUMBER(SEARCH("USD",E3)), VALUE(TRIM(MID(E3, SEARCH("USD",E3)+3, 12))), IF(ISNUMBER(SEARCH("CNY",E3)), VALUE(TRIM(SUBSTITUTE(MID(E3, SEARCH("CNY",E3)+3, 12), ":", ""))), "" ) ) ), "") -> 0.139 | Y3: =IF(ISNUMBER(FIND("USD", E3)), "USD", IF(ISNUMBER(FIND("CNY", E3)), "CNY", "")) -> USD | Z3: =Q3 + T3 -> 6216051.2 | AA3: =YEAR(B3) -> 2025 | AB3: =IFERROR(VLOOKUP(D3, 'Lookup Tables'!$A:$B, 2, FALSE), "Unknown") -> Steel Scrubbers | AC3: =IFERROR( IF(ISNUMBER(SEARCH("STEEL", E3)), "Steel Products", IF(ISNUMBER(SEARCH("SCRUBBER", E3)), "Cleaning Items", IF(ISNUMBER(SEARCH("CLOTH", E3)), "Household Items", IF(ISNUMBER(SEARCH("HOLDER", E3)), "Kitchen Items", "Other")))), "Other") -> Steel Products | AD3: =IFERROR( IF(ISNUMBER(SEARCH("SCRUBBER", E3)), "Scrubber", IF(ISNUMBER(SEARCH("CUTLERY", E3)), "Cutlery Holder", IF(ISNUMBER(SEARCH("CLOTH STAND", E3)), "Cloth Stand", IF(ISNUMBER(SEARCH("HOLDER", E3)), "Holder", "Misc")))), "Misc") -> Scrubber | AE3: =T3/N3 -> 193.68872 | AF3: =IFERROR(T3/Q3,0) -> 0.43959998
A4: ='Raw Data'!A4 -> INNSA1 | B4: ='Raw Data'!B4 -> 45953 | C4: ='Raw Data'!C4 -> 301049751 | D4: ='Raw Data'!D4 -> 73239990 | E4: ='Raw Data'!E4 -> MILD STEEL MULTI FUNCTION CLOTH STAND (RYX-02-020) (QTY: 1,232 PCS/CNY:101 PER PCS)MILD STEEL MULTI FUNCTION CLOTH STAND (RYX-02-020) (QTY: 1,2 | F4: ='Raw Data'!F4 -> 0 | G4: ='Raw Data'!G4 -> 0 | H4: ='Raw Data'!H4 -> 0 | ... T4: ='Raw Data'!T4 -> 460056 | U4: =LEFT(E4, FIND("(", E4)-1) -> MILD STEEL MULTI FUNCTION CLOTH STAND | V4: =IFERROR( VALUE( MID(E4, FIND("QTY",E4)+4, FIND(" ",E4,FIND("QTY",E4)+4) - (FIND("QTY",E4)+4) ) ), "") | W4: =TRIM(MID(E4, FIND(" ", E4, FIND("QTY:", E4)+4)+1, FIND("/", E4) - FIND(" ", E4, FIND("QTY:", E4)+4)-1)) -> 1,232 PCS | X4: =IFERROR( IF(AND(ISNUMBER(FIND("/",E4)), ISNUMBER(FIND("PER",E4))), VALUE(TRIM(SUBSTITUTE(SUBSTITUTE(MID(E4, FIND("/",E4)+1, FIND("PER",E4)-FIND("/",E4)-1), "USD", ""), "CNY:", ""))), IF(ISNUMBER(SEARCH("USD",E4)), VALUE(TRIM(MID(E4, SEARCH("USD",E4)+3, 12))), IF(ISNUMBER(SEARCH("CNY",E4)), VALUE(TRIM(SUBSTITUTE(MID(E4, SEARCH("CNY",E4)+3, 12), ":", ""))), "" ) ) ), "") -> 101 | Y4: =IF(ISNUMBER(FIND("USD", E4)), "USD", IF(ISNUMBER(FIND("CNY", E4)), "CNY", "")) -> CNY | Z4: =Q4 + T4 -> 2097266.2 | AA4: =YEAR(B4) -> 2025 | AB4: =IFERROR(VLOOKUP(D4, 'Lookup Tables'!$A:$B, 2, FALSE), "Unknown") -> Table, kitchen or other household articles of iron or steel | AC4: =IFERROR( IF(ISNUMBER(SEARCH("STEEL", E4)), "Steel Products", IF(ISNUMBER(SEARCH("SCRUBBER", E4)), "Cleaning Items", IF(ISNUMBER(SEARCH("CLOTH", E4)), "Household Items", IF(ISNUMBER(SEARCH("HOLDER", E4)), "Kitchen Items", "Other")))), "Other") -> Steel Products | AD4: =IFERROR( IF(ISNUMBER(SEARCH("SCRUBBER", E4)), "Scrubber", IF(ISNUMBER(SEARCH("CUTLERY", E4)), "Cutlery Holder", IF(ISNUMBER(SEARCH("CLOTH STAND", E4)), "Cloth Stand", IF(ISNUMBER(SEARCH("HOLDER", E4)), "Holder", "Misc")))), "Misc") -> Cloth Stand | AE4: =T4/N4 -> 114.8991 | AF4: =IFERROR(T4/Q4,0) -> 0.28099995
A5: ='Raw Data'!A5 -> INNSA1 | B5: ='Raw Data'!B5 -> 45943 | C5: ='Raw Data'!C5 -> 301049751 | D5: ='Raw Data'!D5 -> 73239990 | E5: ='Raw Data'!E5 -> SB-12 STEEL TEA STRAINER BIG (QTY 6336 PCS/USD 0.973 PER PCS)SB-12 STEEL TEA STRAINER BIG (QTY 6336 PCS/USD 0.973 PER PCS | F5: ='Raw Data'!F5 -> 0 | G5: ='Raw Data'!G5 -> 0 | H5: ='Raw Data'!H5 -> 0 | ... T5: ='Raw Data'!T5 -> 164709.7 | U5: =LEFT(E5, FIND("(", E5)-1) -> SB-12 STEEL TEA STRAINER BIG | V5: =IFERROR( VALUE( MID(E5, FIND("QTY",E5)+4, FIND(" ",E5,FIND("QTY",E5)+4) - (FIND("QTY",E5)+4) ) ), "") -> 6336 | W5: =TRIM(MID(E5, FIND(" ", E5, FIND("QTY:", E5)+4)+1, FIND("/", E5) - FIND(" ", E5, FIND("QTY:", E5)+4)-1)) -> #VALUE! | X5: =IFERROR( IF(AND(ISNUMBER(FIND("/",E5)), ISNUMBER(FIND("PER",E5))), VALUE(TRIM(SUBSTITUTE(SUBSTITUTE(MID(E5, FIND("/",E5)+1, FIND("PER",E5)-FIND("/",E5)-1), "USD", ""), "CNY:", ""))), IF(ISNUMBER(SEARCH("USD",E5)), VALUE(TRIM(MID(E5, SEARCH("USD",E5)+3, 12))), IF(ISNUMBER(SEARCH("CNY",E5)), VALUE(TRIM(SUBSTITUTE(MID(E5, SEARCH("CNY",E5)+3, 12), ":", ""))), "" ) ) ), "") -> 0.973 | Y5: =IF(ISNUMBER(FIND("USD", E5)), "USD", IF(ISNUMBER(FIND("CNY", E5)), "CNY", "")) -> USD | Z5: =Q5 + T5 -> 750865.21 | AA5: =YEAR(B5) -> 2025 | AB5: =IFERROR(VLOOKUP(D5, 'Lookup Tables'!$A:$B, 2, FALSE), "Unknown") -> Table, kitchen or other household articles of iron or steel | AC5: =IFERROR( IF(ISNUMBER(SEARCH("STEEL", E5)), "Steel Products", IF(ISNUMBER(SEARCH("SCRUBBER", E5)), "Cleaning Items", IF(ISNUMBER(SEARCH("CLOTH", E5)), "Household Items", IF(ISNUMBER(SEARCH("HOLDER", E5)), "Kitchen Items", "Other")))), "Other") -> Steel Products | AD5: =IFERROR( IF(ISNUMBER(SEARCH("SCRUBBER", E5)), "Scrubber", IF(ISNUMBER(SEARCH("CUTLERY", E5)), "Cutlery Holder", IF(ISNUMBER(SEARCH("CLOTH STAND", E5)), "Cloth Stand", IF(ISNUMBER(SEARCH("HOLDER", E5)), "Holder", "Misc")))), "Misc") -> Misc | AE5: =T5/N5 -> 106.34666 | AF5: =IFERROR(T5/Q5,0) -> 0.281
A6: ='Raw Data'!A6 -> INNSA1 | B6: ='Raw Data'!B6 -> 45943 | C6: ='Raw Data'!C6 -> 301049751 | D6: ='Raw Data'!D6 -> 73239990 | E6: ='Raw Data'!E6 -> SB-12 STEEL TEA STRAINER BIG (QTY 43038 PCS/USD 0.9718 PER PCS)SB-12 STEEL TEA STRAINER BIG (QTY 43038 PCS/USD 0.9718 PER P | F6: ='Raw Data'!F6 -> 0 | G6: ='Raw Data'!G6 -> 0 | H6: ='Raw Data'!H6 -> 0 | ... T6: ='Raw Data'!T6 -> 1128008.7 | U6: =LEFT(E6, FIND("(", E6)-1) -> SB-12 STEEL TEA STRAINER BIG | V6: =IFERROR( VALUE( MID(E6, FIND("QTY",E6)+4, FIND(" ",E6,FIND("QTY",E6)+4) - (FIND("QTY",E6)+4) ) ), "") -> 43038 | W6: =TRIM(MID(E6, FIND(" ", E6, FIND("QTY:", E6)+4)+1, FIND("/", E6) - FIND(" ", E6, FIND("QTY:", E6)+4)-1)) -> #VALUE! | X6: =IFERROR( IF(AND(ISNUMBER(FIND("/",E6)), ISNUMBER(FIND("PER",E6))), VALUE(TRIM(SUBSTITUTE(SUBSTITUTE(MID(E6, FIND("/",E6)+1, FIND("PER",E6)-FIND("/",E6)-1), "USD", ""), "CNY:", ""))), IF(ISNUMBER(SEARCH("USD",E6)), VALUE(TRIM(MID(E6, SEARCH("USD",E6)+3, 12))), IF(ISNUMBER(SEARCH("CNY",E6)), VALUE(TRIM(SUBSTITUTE(MID(E6, SEARCH("CNY",E6)+3, 12), ":", ""))), "" ) ) ), "") -> 0.9718 | Y6: =IF(ISNUMBER(FIND("USD", E6)), "USD", IF(ISNUMBER(FIND("CNY", E6)), "CNY", "")) -> USD | Z6: =Q6 + T6 -> 5142274.5 | AA6: =YEAR(B6) -> 2025 | AB6: =IFERROR(VLOOKUP(D6, 'Lookup Tables'!$A:$B, 2, FALSE), "Unknown") -> Table, kitchen or other household articles of iron or steel | AC6: =IFERROR( IF(ISNUMBER(SEARCH("STEEL", E6)), "Steel Products", IF(ISNUMBER(SEARCH("SCRUBBER", E6)), "Cleaning Items", IF(ISNUMBER(SEARCH("CLOTH", E6)), "Household Items", IF(ISNUMBER(SEARCH("HOLDER", E6)), "Kitchen Items", "Other")))), "Other") -> Steel Products | AD6: =IFERROR( IF(ISNUMBER(SEARCH("SCRUBBER", E6)), "Scrubber", IF(ISNUMBER(SEARCH("CUTLERY", E6)), "Cutlery Holder", IF(ISNUMBER(SEARCH("CLOTH STAND", E6)), "Cloth Stand", IF(ISNUMBER(SEARCH("HOLDER", E6)), "Holder", "Misc")))), "Misc") -> Misc | AE6: =T6/N6 -> 112.32685 | AF6: =IFERROR(T6/Q6,0) -> 0.28100001
A7: ='Raw Data'!A7 -> INNSA1 | B7: ='Raw Data'!B7 -> 45938 | C7: ='Raw Data'!C7 -> 301049751 | D7: ='Raw Data'!D7 -> 73239990 | E7: ='Raw Data'!E7 -> STEEL HANGER WITH HOOK (SL-89) (QTY:70056 PCS/CNY:7.45 PER PCS)STEEL HANGER WITH HOOK (SL-89) (QTY:70056 PCS/:7.45 | F7: ='Raw Data'!F7 -> 0 | G7: ='Raw Data'!G7 -> 0 | H7: ='Raw Data'!H7 -> 0 | ... T7: ='Raw Data'!T7 -> 1890522.7 | U7: =LEFT(E7, FIND("(", E7)-1) -> STEEL HANGER WITH HOOK | V7: =IFERROR( VALUE( MID(E7, FIND("QTY",E7)+4, FIND(" ",E7,FIND("QTY",E7)+4) - (FIND("QTY",E7)+4) ) ), "") -> 70056 | W7: =TRIM(MID(E7, FIND(" ", E7, FIND("QTY:", E7)+4)+1, FIND("/", E7) - FIND(" ", E7, FIND("QTY:", E7)+4)-1)) -> PCS | X7: =IFERROR( IF(AND(ISNUMBER(FIND("/",E7)), ISNUMBER(FIND("PER",E7))), VALUE(TRIM(SUBSTITUTE(SUBSTITUTE(MID(E7, FIND("/",E7)+1, FIND("PER",E7)-FIND("/",E7)-1), "USD", ""), "CNY:", ""))), IF(ISNUMBER(SEARCH("USD",E7)), VALUE(TRIM(MID(E7, SEARCH("USD",E7)+3, 12))), IF(ISNUMBER(SEARCH("CNY",E7)), VALUE(TRIM(SUBSTITUTE(MID(E7, SEARCH("CNY",E7)+3, 12), ":", ""))), "" ) ) ), "") -> 7.45 | Y7: =IF(ISNUMBER(FIND("USD", E7)), "USD", IF(ISNUMBER(FIND("CNY", E7)), "CNY", "")) -> CNY | Z7: =Q7 + T7 -> 8618361.2 | AA7: =YEAR(B7) -> 2025 | AB7: =IFERROR(VLOOKUP(D7, 'Lookup Tables'!$A:$B, 2, FALSE), "Unknown") -> Table, kitchen or other household articles of iron or steel | AC7: =IFERROR( IF(ISNUMBER(SEARCH("STEEL", E7)), "Steel Products", IF(ISNUMBER(SEARCH("SCRUBBER", E7)), "Cleaning Items", IF(ISNUMBER(SEARCH("CLOTH", E7)), "Household Items", IF(ISNUMBER(SEARCH("HOLDER", E7)), "Kitchen Items", "Other")))), "Other") -> Steel Products | AD7: =IFERROR( IF(ISNUMBER(SEARCH("SCRUBBER", E7)), "Scrubber", IF(ISNUMBER(SEARCH("CUTLERY", E7)), "Cutlery Holder", IF(ISNUMBER(SEARCH("CLOTH STAND", E7)), "Cloth Stand", IF(ISNUMBER(SEARCH("HOLDER", E7)), "Holder", "Misc")))), "Misc") -> Misc | AE7: =T7/N7 -> 121.43645 | AF7: =IFERROR(T7/Q7,0) -> 0.28100001
A8: ='Raw Data'!A8 -> INNSA1 | B8: ='Raw Data'!B8 -> 45936 | C8: ='Raw Data'!C8 -> 301049751 | D8: ='Raw Data'!D8 -> 73239990 | E8: ='Raw Data'!E8 -> STEEL HANGER 10PCS SET (AM-969) (QTY: 480 SET/USD 0.819 PERSET)STEEL HANGER 10PCS SET (AM-969) (QTY: 480 SET/USD 0.819 PER | F8: ='Raw Data'!F8 -> 0 | G8: ='Raw Data'!G8 -> 0 | H8: ='Raw Data'!H8 -> 0 | ... T8: ='Raw Data'!T8 -> 10725.3 | U8: =LEFT(E8, FIND("(", E8)-1) -> STEEL HANGER 10PCS SET | V8: =IFERROR( VALUE( MID(E8, FIND("QTY",E8)+4, FIND(" ",E8,FIND("QTY",E8)+4) - (FIND("QTY",E8)+4) ) ), "") | W8: =TRIM(MID(E8, FIND(" ", E8, FIND("QTY:", E8)+4)+1, FIND("/", E8) - FIND(" ", E8, FIND("QTY:", E8)+4)-1)) -> 480 SET | X8: =IFERROR( IF(AND(ISNUMBER(FIND("/",E8)), ISNUMBER(FIND("PER",E8))), VALUE(TRIM(SUBSTITUTE(SUBSTITUTE(MID(E8, FIND("/",E8)+1, FIND("PER",E8)-FIND("/",E8)-1), "USD", ""), "CNY:", ""))), IF(ISNUMBER(SEARCH("USD",E8)), VALUE(TRIM(MID(E8, SEARCH("USD",E8)+3, 12))), IF(ISNUMBER(SEARCH("CNY",E8)), VALUE(TRIM(SUBSTITUTE(MID(E8, SEARCH("CNY",E8)+3, 12), ":", ""))), "" ) ) ), "") -> 0.819 | Y8: =IF(ISNUMBER(FIND("USD", E8)), "USD", IF(ISNUMBER(FIND("CNY", E8)), "CNY", "")) -> USD | Z8: =Q8 + T8 -> 48893.29 | AA8: =YEAR(B8) -> 2025 | AB8: =IFERROR(VLOOKUP(D8, 'Lookup Tables'!$A:$B, 2, FALSE), "Unknown") -> Table, kitchen or other household articles of iron or steel | AC8: =IFERROR( IF(ISNUMBER(SEARCH("STEEL", E8)), "Steel Products", IF(ISNUMBER(SEARCH("SCRUBBER", E8)), "Cleaning Items", IF(ISNUMBER(SEARCH("CLOTH", E8)), "Household Items", IF(ISNUMBER(SEARCH("HOLDER", E8)), "Kitchen Items", "Other")))), "Other") -> Steel Products | AD8: =IFERROR( IF(ISNUMBER(SEARCH("SCRUBBER", E8)), "Scrubber", IF(ISNUMBER(SEARCH("CUTLERY", E8)), "Cutlery Holder", IF(ISNUMBER(SEARCH("CLOTH STAND", E8)), "Cloth Stand", IF(ISNUMBER(SEARCH("HOLDER", E8)), "Holder", "Misc")))), "Misc") -> Misc | AE8: =T8/N8 -> 28.224474 | AF8: =IFERROR(T8/Q8,0) -> 0.28100248
A9: ='Raw Data'!A9 -> INNSA1 | B9: ='Raw Data'!B9 -> 45931 | C9: ='Raw Data'!C9 -> 301049751 | D9: ='Raw Data'!D9 -> 73239990 | E9: ='Raw Data'!E9 -> AM-967 STEEL FRUIT BASKET (QTY 400 PCS/USD 1.031 PER PCS) AM-967 STEEL FRUIT BASKET (QTY 400 PCS/USD 1.031 PER PCS) | F9: ='Raw Data'!F9 -> 0 | G9: ='Raw Data'!G9 -> 0 | H9: ='Raw Data'!H9 -> 0 | ... T9: ='Raw Data'!T9 -> 11036 | U9: =LEFT(E9, FIND("(", E9)-1) -> AM-967 STEEL FRUIT BASKET | V9: =IFERROR( VALUE( MID(E9, FIND("QTY",E9)+4, FIND(" ",E9,FIND("QTY",E9)+4) - (FIND("QTY",E9)+4) ) ), "") -> 400 | W9: =TRIM(MID(E9, FIND(" ", E9, FIND("QTY:", E9)+4)+1, FIND("/", E9) - FIND(" ", E9, FIND("QTY:", E9)+4)-1)) -> #VALUE! | X9: =IFERROR( IF(AND(ISNUMBER(FIND("/",E9)), ISNUMBER(FIND("PER",E9))), VALUE(TRIM(SUBSTITUTE(SUBSTITUTE(MID(E9, FIND("/",E9)+1, FIND("PER",E9)-FIND("/",E9)-1), "USD", ""), "CNY:", ""))), IF(ISNUMBER(SEARCH("USD",E9)), VALUE(TRIM(MID(E9, SEARCH("USD",E9)+3, 12))), IF(ISNUMBER(SEARCH("CNY",E9)), VALUE(TRIM(SUBSTITUTE(MID(E9, SEARCH("CNY",E9)+3, 12), ":", ""))), "" ) ) ), "") -> 1.031 | Y9: =IF(ISNUMBER(FIND("USD", E9)), "USD", IF(ISNUMBER(FIND("CNY", E9)), "CNY", "")) -> USD | Z9: =Q9 + T9 -> 50309.8 | AA9: =YEAR(B9) -> 2025 | AB9: =IFERROR(VLOOKUP(D9, 'Lookup Tables'!$A:$B, 2, FALSE), "Unknown") -> Table, kitchen or other household articles of iron or steel | AC9: =IFERROR( IF(ISNUMBER(SEARCH("STEEL", E9)), "Steel Products", IF(ISNUMBER(SEARCH("SCRUBBER", E9)), "Cleaning Items", IF(ISNUMBER(SEARCH("CLOTH", E9)), "Household Items", IF(ISNUMBER(SEARCH("HOLDER", E9)), "Kitchen Items", "Other")))), "Other") -> Steel Products | AD9: =IFERROR( IF(ISNUMBER(SEARCH("SCRUBBER", E9)), "Scrubber", IF(ISNUMBER(SEARCH("CUTLERY", E9)), "Cutlery Holder", IF(ISNUMBER(SEARCH("CLOTH STAND", E9)), "Cloth Stand", IF(ISNUMBER(SEARCH("HOLDER", E9)), "Holder", "Misc")))), "Misc") -> Misc | AE9: =T9/N9 -> 23.991304 | AF9: =IFERROR(T9/Q9,0) -> 0.28100158
A10: ='Raw Data'!A10 -> INNSA1 | B10: ='Raw Data'!B10 -> 45931 | C10: ='Raw Data'!C10 -> 301049751 | D10: ='Raw Data'!D10 -> 73239990 | E10: ='Raw Data'!E10 -> AM-966 STEEL FRUIT BASKET (QTY 400 PCS/USD 1.017 PER PCS) AM-966 STEEL FRUIT BASKET (QTY 400 PCS/USD 1.017 PER PCS) | F10: ='Raw Data'!F10 -> 0 | G10: ='Raw Data'!G10 -> 0 | H10: ='Raw Data'!H10 -> 0 | ... T10: ='Raw Data'!T10 -> 10886.1 | U10: =LEFT(E10, FIND("(", E10)-1) -> AM-966 STEEL FRUIT BASKET | V10: =IFERROR( VALUE( MID(E10, FIND("QTY",E10)+4, FIND(" ",E10,FIND("QTY",E10)+4) - (FIND("QTY",E10)+4) ) ), "") -> 400 | W10: =TRIM(MID(E10, FIND(" ", E10, FIND("QTY:", E10)+4)+1, FIND("/", E10) - FIND(" ", E10, FIND("QTY:", E10)+4)-1)) -> #VALUE! | X10: =IFERROR( IF(AND(ISNUMBER(FIND("/",E10)), ISNUMBER(FIND("PER",E10))), VALUE(TRIM(SUBSTITUTE(SUBSTITUTE(MID(E10, FIND("/",E10)+1, FIND("PER",E10)-FIND("/",E10)-1), "USD", ""), "CNY:", ""))), IF(ISNUMBER(SEARCH("USD",E10)), VALUE(TRIM(MID(E10, SEARCH("USD",E10)+3, 12))), IF(ISNUMBER(SEARCH("CNY",E10)), VALUE(TRIM(SUBSTITUTE(MID(E10, SEARCH("CNY",E10)+3, 12), ":", ""))), "" ) ) ), "") -> 1.017 | Y10: =IF(ISNUMBER(FIND("USD", E10)), "USD", IF(ISNUMBER(FIND("CNY", E10)), "CNY", "")) -> USD | Z10: =Q10 + T10 -> 49626.59 | AA10: =YEAR(B10) -> 2025 | AB10: =IFERROR(VLOOKUP(D10, 'Lookup Tables'!$A:$B, 2, FALSE), "Unknown") -> Table, kitchen or other household articles of iron or steel | AC10: =IFERROR( IF(ISNUMBER(SEARCH("STEEL", E10)), "Steel Products", IF(ISNUMBER(SEARCH("SCRUBBER", E10)), "Cleaning Items", IF(ISNUMBER(SEARCH("CLOTH", E10)), "Household Items", IF(ISNUMBER(SEARCH("HOLDER", E10)), "Kitchen Items", "Other")))), "Other") -> Steel Products | AD10: =IFERROR( IF(ISNUMBER(SEARCH("SCRUBBER", E10)), "Scrubber", IF(ISNUMBER(SEARCH("CUTLERY", E10)), "Cutlery Holder", IF(ISNUMBER(SEARCH("CLOTH STAND", E10)), "Cloth Stand", IF(ISNUMBER(SEARCH("HOLDER", E10)), "Holder", "Misc")))), "Misc") -> Misc | AE10: =T10/N10 -> 35.116452 | AF10: =IFERROR(T10/Q10,0) -> 0.28100058
A11: ='Raw Data'!A11 -> INNSA1 | B11: ='Raw Data'!B11 -> 45931 | C11: ='Raw Data'!C11 -> 301049751 | D11: ='Raw Data'!D11 -> 73239990 | E11: ='Raw Data'!E11 -> AM-965 STEEL SPOON & FORK HOLDER (QTY 480 PCS/USD 0.734 PERPCS)AM-965 STEEL SPOON & FORK HOLDER (QTY 480 PCS/USD 0.734 PER | F11: ='Raw Data'!F11 -> 0 | G11: ='Raw Data'!G11 -> 0 | H11: ='Raw Data'!H11 -> 0 | ... T11: ='Raw Data'!T11 -> 9428.1 | U11: =LEFT(E11, FIND("(", E11)-1) -> AM-965 STEEL SPOON & FORK HOLDER | V11: =IFERROR( VALUE( MID(E11, FIND("QTY",E11)+4, FIND(" ",E11,FIND("QTY",E11)+4) - (FIND("QTY",E11)+4) ) ), "") -> 480 | W11: =TRIM(MID(E11, FIND(" ", E11, FIND("QTY:", E11)+4)+1, FIND("/", E11) - FIND(" ", E11, FIND("QTY:", E11)+4)-1)) -> #VALUE! | X11: =IFERROR( IF(AND(ISNUMBER(FIND("/",E11)), ISNUMBER(FIND("PER",E11))), VALUE(TRIM(SUBSTITUTE(SUBSTITUTE(MID(E11, FIND("/",E11)+1, FIND("PER",E11)-FIND("/",E11)-1), "USD", ""), "CNY:", ""))), IF(ISNUMBER(SEARCH("USD",E11)), VALUE(TRIM(MID(E11, SEARCH("USD",E11)+3, 12))), IF(ISNUMBER(SEARCH("CNY",E11)), VALUE(TRIM(SUBSTITUTE(MID(E11, SEARCH("CNY",E11)+3, 12), ":", ""))), "" ) ) ), "") -> 0.734 | Y11: =IF(ISNUMBER(FIND("USD", E11)), "USD", IF(ISNUMBER(FIND("CNY", E11)), "CNY", "")) -> USD | Z11: =Q11 + T11 -> 42980.34 | AA11: =YEAR(B11) -> 2025 | AB11: =IFERROR(VLOOKUP(D11, 'Lookup Tables'!$A:$B, 2, FALSE), "Unknown") -> Table, kitchen or other household articles of iron or steel | AC11: =IFERROR( IF(ISNUMBER(SEARCH("STEEL", E11)), "Steel Products", IF(ISNUMBER(SEARCH("SCRUBBER", E11)), "Cleaning Items", IF(ISNUMBER(SEARCH("CLOTH", E11)), "Household Items", IF(ISNUMBER(SEARCH("HOLDER", E11)), "Kitchen Items", "Other")))), "Other") -> Steel Products | AD11: =IFERROR( IF(ISNUMBER(SEARCH("SCRUBBER", E11)), "Scrubber", IF(ISNUMBER(SEARCH("CUTLERY", E11)), "Cutlery Holder", IF(ISNUMBER(SEARCH("CLOTH STAND", E11)), "Cloth Stand", IF(ISNUMBER(SEARCH("HOLDER", E11)), "Holder", "Misc")))), "Misc") -> Holder | AE11: =T11/N11 -> 56.119643 | AF11: =IFERROR(T11/Q11,0) -> 0.28099763
A12: ='Raw Data'!A12 -> INNSA1 | B12: ='Raw Data'!B12 -> 45931 | C12: ='Raw Data'!C12 -> 301049751 | D12: ='Raw Data'!D12 -> 73231000 | E12: ='Raw Data'!E12 -> 8001-2 STEEL SCRUBBER 2 PCS SET (QTY 336000 SETS/USD 0.139 PER SETS)8001-2 STEEL SCRUBBER 2 PCS SET (QTY 336000 SETS/USD 0.139 P | F12: ='Raw Data'!F12 -> 0 | G12: ='Raw Data'!G12 -> 0 | H12: ='Raw Data'!H12 -> 0 | ... T12: ='Raw Data'!T12 -> 1965024.7 | U12: =LEFT(E12, FIND("(", E12)-1) -> 8001-2 STEEL SCRUBBER 2 PCS SET | V12: =IFERROR( VALUE( MID(E12, FIND("QTY",E12)+4, FIND(" ",E12,FIND("QTY",E12)+4) - (FIND("QTY",E12)+4) ) ), "") -> 336000 | W12: =TRIM(MID(E12, FIND(" ", E12, FIND("QTY:", E12)+4)+1, FIND("/", E12) - FIND(" ", E12, FIND("QTY:", E12)+4)-1)) -> #VALUE! | X12: =IFERROR( IF(AND(ISNUMBER(FIND("/",E12)), ISNUMBER(FIND("PER",E12))), VALUE(TRIM(SUBSTITUTE(SUBSTITUTE(MID(E12, FIND("/",E12)+1, FIND("PER",E12)-FIND("/",E12)-1), "USD", ""), "CNY:", ""))), IF(ISNUMBER(SEARCH("USD",E12)), VALUE(TRIM(MID(E12, SEARCH("USD",E12)+3, 12))), IF(ISNUMBER(SEARCH("CNY",E12)), VALUE(TRIM(SUBSTITUTE(MID(E12, SEARCH("CNY",E12)+3, 12), ":", ""))), "" ) ) ), "") -> 0.139 | Y12: =IF(ISNUMBER(FIND("USD", E12)), "USD", IF(ISNUMBER(FIND("CNY", E12)), "CNY", "")) -> USD | Z12: =Q12 + T12 -> 6435053.5 | AA12: =YEAR(B12) -> 2025 | AB12: =IFERROR(VLOOKUP(D12, 'Lookup Tables'!$A:$B, 2, FALSE), "Unknown") -> Steel Scrubbers | AC12: =IFERROR( IF(ISNUMBER(SEARCH("STEEL", E12)), "Steel Products", IF(ISNUMBER(SEARCH("SCRUBBER", E12)), "Cleaning Items", IF(ISNUMBER(SEARCH("CLOTH", E12)), "Household Items", IF(ISNUMBER(SEARCH("HOLDER", E12)), "Kitchen Items", "Other")))), "Other") -> Steel Products | AD12: =IFERROR( IF(ISNUMBER(SEARCH("SCRUBBER", E12)), "Scrubber", IF(ISNUMBER(SEARCH("CUTLERY", E12)), "Cutlery Holder", IF(ISNUMBER(SEARCH("CLOTH STAND", E12)), "Cloth Stand", IF(ISNUMBER(SEARCH("HOLDER", E12)), "Holder", "Misc")))), "Misc") -> Scrubber | AE12: =T12/N12 -> 200.51272 | AF12: =IFERROR(T12/Q12,0) -> 0.43960001
A13: ='Raw Data'!A13 -> INNSA1 | B13: ='Raw Data'!B13 -> 45927 | C13: ='Raw Data'!C13 -> 301049751 | D13: ='Raw Data'!D13 -> 73231000 | E13: ='Raw Data'!E13 -> OKS-4156 STEEL SCRUBBER 6PCS SET (QTY: 93360 PCS /USD 0.228PER PCS)OKS-4156 STEEL SCRUBBER 6PCS SET (QTY: 93360 PCS /USD 0.228 | F13: ='Raw Data'!F13 -> 0 | G13: ='Raw Data'!G13 -> 0 | H13: ='Raw Data'!H13 -> 0 | ... T13: ='Raw Data'!T13 -> 868534.9 | U13: =LEFT(E13, FIND("(", E13)-1) -> OKS-4156 STEEL SCRUBBER 6PCS SET | V13: =IFERROR( VALUE( MID(E13, FIND("QTY",E13)+4, FIND(" ",E13,FIND("QTY",E13)+4) - (FIND("QTY",E13)+4) ) ), "") | W13: =TRIM(MID(E13, FIND(" ", E13, FIND("QTY:", E13)+4)+1, FIND("/", E13) - FIND(" ", E13, FIND("QTY:", E13)+4)-1)) -> 93360 PCS | X13: =IFERROR( IF(AND(ISNUMBER(FIND("/",E13)), ISNUMBER(FIND("PER",E13))), VALUE(TRIM(SUBSTITUTE(SUBSTITUTE(MID(E13, FIND("/",E13)+1, FIND("PER",E13)-FIND("/",E13)-1), "USD", ""), "CNY:", ""))), IF(ISNUMBER(SEARCH("USD",E13)), VALUE(TRIM(MID(E13, SEARCH("USD",E13)+3, 12))), IF(ISNUMBER(SEARCH("CNY",E13)), VALUE(TRIM(SUBSTITUTE(MID(E13, SEARCH("CNY",E13)+3, 12), ":", ""))), "" ) ) ), "") -> 0.228 | Y13: =IF(ISNUMBER(FIND("USD", E13)), "USD", IF(ISNUMBER(FIND("CNY", E13)), "CNY", "")) -> USD | Z13: =Q13 + T13 -> 2844273.9 | AA13: =YEAR(B13) -> 2025 | AB13: =IFERROR(VLOOKUP(D13, 'Lookup Tables'!$A:$B, 2, FALSE), "Unknown") -> Steel Scrubbers | AC13: =IFERROR( IF(ISNUMBER(SEARCH("STEEL", E13)), "Steel Products", IF(ISNUMBER(SEARCH("SCRUBBER", E13)), "Cleaning Items", IF(ISNUMBER(SEARCH("CLOTH", E13)), "Household Items", IF(ISNUMBER(SEARCH("HOLDER", E13)), "Kitchen Items", "Other")))), "Other") -> Steel Products | AD13: =IFERROR( IF(ISNUMBER(SEARCH("SCRUBBER", E13)), "Scrubber", IF(ISNUMBER(SEARCH("CUTLERY", E13)), "Cutlery Holder", IF(ISNUMBER(SEARCH("CLOTH STAND", E13)), "Cloth Stand", IF(ISNUMBER(SEARCH("HOLDER", E13)), "Holder", "Misc")))), "Misc") -> Scrubber | AE13: =T13/N13 -> 115.86599 | AF13: =IFERROR(T13/Q13,0) -> 0.43960003
... A2080: ='Raw Data'!A2080 -> INNSA1 | B2080: ='Raw Data'!B2080 -> 42748 | C2080: ='Raw Data'!C2080 -> 301049751 | D2080: ='Raw Data'!D2080 -> 73239990 | E2080: ='Raw Data'!E2080 -> STAINLESS STEEL SPORTS BOTTLE 750ML S-308-C6-NP-20(TOTAL NET WT.284.83 KGS) | F2080: ='Raw Data'!F2080 -> 0 | G2080: ='Raw Data'!G2080 -> 0 | H2080: ='Raw Data'!H2080 -> 0 | ... T2080: ='Raw Data'!T2080 -> 22410.6 | U2080: =LEFT(E2080, FIND("(", E2080)-1) -> STAINLESS STEEL SPORTS BOTTLE 750ML S-308-C6-NP-20 | V2080: =IFERROR( VALUE( MID(E2080, FIND("QTY",E2080)+4, FIND(" ",E2080,FIND("QTY",E2080)+4) - (FIND("QTY",E2080)+4) ) ), "") | W2080: =TRIM(MID(E2080, FIND(" ", E2080, FIND("QTY:", E2080)+4)+1, FIND("/", E2080) - FIND(" ", E2080, FIND("QTY:", E2080)+4)-1)) -> #VALUE! | X2080: =IFERROR( IF(AND(ISNUMBER(FIND("/",E2080)), ISNUMBER(FIND("PER",E2080))), VALUE(TRIM(SUBSTITUTE(SUBSTITUTE(MID(E2080, FIND("/",E2080)+1, FIND("PER",E2080)-FIND("/",E2080)-1), "USD", ""), "CNY:", ""))), IF(ISNUMBER(SEARCH("USD",E2080)), VALUE(TRIM(MID(E2080, SEARCH("USD",E2080)+3, 12))), IF(ISNUMBER(SEARCH("CNY",E2080)), VALUE(TRIM(SUBSTITUTE(MID(E2080, SEARCH("CNY",E2080)+3, 12), ":", ""))), "" ) ) ), "") | Y2080: =IF(ISNUMBER(FIND("USD", E2080)), "USD", IF(ISNUMBER(FIND("CNY", E2080)), "CNY", "")) | Z2080: =Q2080 + T2080 -> 153481.73 | AA2080: =YEAR(B2080) -> 2017 | AB2080: =IFERROR(VLOOKUP(D2080, 'Lookup Tables'!$A:$B, 2, FALSE), "Unknown") -> Table, kitchen or other household articles of iron or steel | AC2080: =IFERROR( IF(ISNUMBER(SEARCH("STEEL", E2080)), "Steel Products", IF(ISNUMBER(SEARCH("SCRUBBER", E2080)), "Cleaning Items", IF(ISNUMBER(SEARCH("CLOTH", E2080)), "Household Items", IF(ISNUMBER(SEARCH("HOLDER", E2080)), "Kitchen Items", "Other")))), "Other") -> Steel Products | AD2080: =IFERROR( IF(ISNUMBER(SEARCH("SCRUBBER", E2080)), "Scrubber", IF(ISNUMBER(SEARCH("CUTLERY", E2080)), "Cutlery Holder", IF(ISNUMBER(SEARCH("CLOTH STAND", E2080)), "Cloth Stand", IF(ISNUMBER(SEARCH("HOLDER", E2080)), "Holder", "Misc")))), "Misc") -> Misc | AE2080: =T2080/N2080 -> 13.532971 | AF2080: =IFERROR(T2080/Q2080,0) -> 0.17098044

Sheet Lookup Tables
A1: HS CODE | B1: HSN Description | C1: Main Category
A2: 73239990 | B2: Table, kitchen or other household articles of iron or steel | C2: Steel Household
A3: 73231000 | B3: Steel Scrubbers | C3: Steel Household
A4: 73239390 | B4: Scrubbers, scouring pads, and similar articles | C4: Steel Household

Sheet Year Summary
B1: Values
A2: Row Labels | B2: Sum of TOTAL VALUE_INR | C2: Sum of DUTY PAID_INR | D2: Sum of Grand Total INR | E2: YoY Growth %
A3: 2017 | B3: 1.5824324e+08 | C3: 32749950 | D3: 1.9099319e+08 | E3: N/A
A4: 2018 | B4: 3.3422649e+08 | C4: 82490492 | D4: 4.1671698e+08 | E4: =(D4-D3)/D3 -> 1.1818421
A5: 2019 | B5: 4.2140296e+08 | C5: 1.040222e+08 | D5: 5.2542517e+08 | E5: =(D5-D4)/D4 -> 0.26086814
A6: 2020 | B6: 3.492895e+08 | C6: 1.2030663e+08 | D6: 4.6959613e+08 | E6: =(D6-D5)/D5 -> -0.10625497
A7: 2021 | B7: 4.8739781e+08 | C7: 1.8160358e+08 | D7: 6.6900139e+08 | E7: =(D7-D6)/D6 -> 0.42463139
A8: 2022 | B8: 7.5432377e+08 | C8: 2.804435e+08 | D8: 1.0347673e+09 | E8: =(D8-D7)/D7 -> 0.54673413
A9: 2023 | B9: 8.704074e+08 | C9: 3.2152181e+08 | D9: 1.1919292e+09 | E9: =(D9-D8)/D8 -> 0.15188142
A10: 2024 | B10: 4.2551804e+08 | C10: 1.6074949e+08 | D10: 5.8626753e+08 | E10: =(D10-D9)/D9 -> -0.50813561
A11: 2025 | B11: 3.9312917e+08 | C11: 1.4612916e+08 | D11: 5.3925833e+08 | E11: =(D11-D10)/D10 -> -0.08018386
A12: Grand Total | B12: 4.1939384e+09 | C12: 1.4300168e+09 | D12: 5.6239552e+09

Sheet HSN Summary
B1: Values
A2: Row Labels | B2: Sum of TOTAL VALUE_INR | C2: Sum of DUTY PAID_INR | D2: Sum of Grand Total INR | E2: % Contribution | F2: Rank column
A3: 73239990 | B3: 3.8432189e+09 | C3: 1.2872331e+09 | D3: 5.130452e+09 | E3: =D3/$D$6*100 -> 91.224979 | F3: =RANK(E3,$E$3:$E$100,0) -> 1
A4: 73239390 | B4: 15387697 | C4: 4195325.1 | D4: 19583022 | E4: =D4/$D$6*100 -> 0.34820728 | F4: =RANK(E4,$E$3:$E$100,0) -> 3
A5: 73231000 | B5: 3.353318e+08 | C5: 1.3858841e+08 | D5: 4.7392021e+08 | E5: =D5/$D$6*100 -> 8.4268134 | F5: =RANK(E5,$E$3:$E$100,0) -> 2
A6: Grand Total | B6: 4.1939384e+09 | C6: 1.4300168e+09 | D6: 5.6239552e+09

Sheet Model Summary
B3: Values
A4: Row Labels | B4: Sum of QUANTITY | C4: Sum of Year | D4: Sum of Grand Total INR | E4: Sum of Value%
A5: 03-0271 FAMILY CLOTH RACK 3LAYERS | B5: 10701 | C5: 2018 | D5: 1863874 | E5: 0.24320003
A6: 03-027I FAMILY CLOTH RACK 3LAYERS | B6: 176409.12 | C6: 22211 | D6: 38731310 | E6: 3.1679999
A7: 2628 HOUSEHOLD STEEL HOOK 3 PCS SET | B7: 5526.6 | C7: 2022 | D7: 8005300.9 | E7: 0.3664
A8: 2628 HOUSEHOLD STEEL HOOK 3 PCS SET | B8: 11419.2 | C8: 6068 | D8: 16266348 | E8: 1.0992033
A9: 2628 HOUSEHOLD STEEL HOOK 3PCS SET | B9: 5641.28 | C9: 2021 | D9: 8296145.4 | E9: 0.36639999
A10: 2628 HOUSEHOLD STEEL HOOK 3PCS SET | B10: 14632.68 | C10: 6064 | D10: 21209467 | E10: 1.0992
A11: 320F SLEEL GRATER | B11: 50 | C11: 2024 | D11: 24556.18 | E11: 0.3663972
A12: 3888-HOUSEHOLD STEEL HOOK 3PCS SET | B12: 6964.8 | C12: 2023 | D12: 6967341.8 | E12: 0.3664
A13: 580F STEEL EGG SLICER | B13: 40 | C13: 2024 | D13: 45019.32 | E13: 0.36639895
A14: 6527 STEEL LUNCH BOX | B14: 8723.66 | C14: 2022 | D14: 5934035.5 | E14: 0.36639999
A15: 6527 STEEL LUNCH BOX | B15: 61515.14 | C15: 10111 | D15: 29510245 | E15: 1.832
A16: 6561 STEEL LUNCH BOX | B16: 32790.8 | C16: 8088 | D16: 26283637 | E16: 1.4656
... A594: Grand Total | B594: 22352079 | C594: 4202004 | D594: 5.6239552e+09 | E594: 680.11257

Sheet Supplier Summary
A1: Add Columns in “Cleaned Data”
A2: Per Unit Cost USD: | B2: [UNIT PRICE_USD]
A3: Duty per Unit INR: | B3: IFERROR([DUTY PAID_INR]/[QUANTITY], "N/A")
A4: Duty % | B4: IFERROR([DUTY PAID_INR]/[TOTAL VALUE_INR],0)
A6: Model Summary PivotTable
A7: Calculated Value %: | B7: Grand Total INR / Overall Grand Total
A8: Rows: | B8: Model Name / Product Code
A9: Columns | B9: Year
A10: Values: | B10: Sum of Quantity/ Sum of Grand Total INR/ Optional: Sum of Duty Paid INR
A11: Supplier Trends | B11: TEXTBEFORE(E2," Model")

Sheet Notes
A1: Final Review and Submission – Implementation Checklist
A2: Add a “Notes” Sheet
A3: Include:
A4: Assumptions (parsing methods, handling zero values)
A5: Key formulas references
A6: PivotTable setup explanations
A7: Conditional formatting rules
A8: 1. Review Workbook
A9: Test formulas on sample rows
A10: Ensure no hard-coded values
A11: Refresh all PivotTables (Right-click → Refresh)
A12: Verify totals match raw data
... A20: Test link in incognito mode

Sheet Charts
